Node ID,LAT,LON,FIPS,LOCATION,SVI-2016,SVI-2018
1.0,29.784588,-95.645013,48201454400,"Census Tract 4544, Harris County, Texas",0.1478,0.186
2.0,29.784592,-95.617758,48201450400,"Census Tract 4504, Harris County, Texas",0.5452,0.6677
3.0,29.784489,-95.590326,48201450300,"Census Tract 4503, Harris County, Texas",0.4197,0.5757
4.0,29.784283,-95.563338,48201450100,"Census Tract 4501, Harris County, Texas",0.1896,0.1226
5.0,29.784128,-95.521332,48201522301,"Census Tract 5223.01, Harris County, Texas",0.706,0.862
6.0,29.784182,-95.501865,48201430300,"Census Tract 4303, Harris County, Texas",0.0273,0.0172
7.0,29.780928,-95.453964,48201430100,"Census Tract 4301, Harris County, Texas",0.4065,0.4308
8.0,29.783796,-95.475604,48201430100,"Census Tract 4301, Harris County, Texas",0.4065,0.4308
9.0,29.784411,-95.521263,48201521000,"Census Tract 5210, Harris County, Texas",0.8097,0.9148
10.0,29.784794,-95.563387,48201450100,"Census Tract 4501, Harris County, Texas",0.1896,0.1226
11.0,29.784951,-95.590382,48201543200,"Census Tract 5432, Harris County, Texas",0.6252,0.5948
12.0,29.784105,-95.521256,48201521000,"Census Tract 5210, Harris County, Texas",0.8097,0.9148
13.0,29.784018,-95.47551,48201430100,"Census Tract 4301, Harris County, Texas",0.4065,0.4308
14.0,29.78457,-95.521233,48201521000,"Census Tract 5210, Harris County, Texas",0.8097,0.9148
15.0,29.873193,-95.555237,48201521700,"Census Tract 5217, Harris County, Texas",0.8818,0.8777
16.0,29.808974,-95.441195,48201530100,"Census Tract 5301, Harris County, Texas",0.8372,0.8173
17.0,30.021344,-95.428999,48201240801,"Census Tract 2408.01, Harris County, Texas",0.7848,0.7375
18.0,29.828679,-95.38125,48201220500,"Census Tract 2205, Harris County, Texas",0.9822,0.9817
19.0,29.777204,-95.369374,48201510100,"Census Tract 5101, Harris County, Texas",0.289,0.2524
20.0,29.93181,-95.411712,48201222600,"Census Tract 2226, Harris County, Texas",0.8985,0.9303
21.0,29.74262,-95.358578,48201312300,"Census Tract 3123, Harris County, Texas",0.9156,0.8624
22.0,29.715025,-95.315436,48201311900,"Census Tract 3119, Harris County, Texas",0.8213,0.8971
23.0,29.685005,-95.277368,48201333000,"Census Tract 3330, Harris County, Texas",0.6984,0.7598
24.0,29.669021,-95.262509,48201333202,"Census Tract 3332.02, Harris County, Texas",0.7343,0.8426
25.0,29.586796,-95.184214,48201340100,"Census Tract 3401, Harris County, Texas",0.4936,0.5
26.0,29.669195,-95.262244,48201320602,"Census Tract 3206.02, Harris County, Texas",0.8932,0.9185
27.0,29.685078,-95.277133,48201320200,"Census Tract 3202, Harris County, Texas",0.8766,0.8399
28.0,29.715223,-95.315355,48201310700,"Census Tract 3107, Harris County, Texas",0.8628,0.8641
29.0,29.982346,-95.277211,48201241500,"Census Tract 2415, Harris County, Texas",0.9838,0.9366
30.0,29.939987,-95.295896,48201250100,"Census Tract 2501, Harris County, Texas",0.6905,0.711
31.0,29.902753,-95.311799,48201222200,"Census Tract 2222, Harris County, Texas",0.8854,0.878
32.0,29.848758,-95.333835,48201220900,"Census Tract 2209, Harris County, Texas",0.8788,0.9388
33.0,29.783946,-95.339687,48201211100,"Census Tract 2111, Harris County, Texas",0.9301,0.9489
34.0,29.848743,-95.333363,48201230500,"Census Tract 2305, Harris County, Texas",0.9033,0.9398
35.0,29.902619,-95.311445,48201232100,"Census Tract 2321, Harris County, Texas",0.9416,0.909
36.0,29.940083,-95.295407,48201250100,"Census Tract 2501, Harris County, Texas",0.6905,0.711
37.0,29.643937,-95.576024,48157671800,"Census Tract 6718, Fort Bend County, Texas",0.4611,0.5337
38.0,29.675903,-95.541731,48201423100,"Census Tract 4231, Harris County, Texas",0.8527,0.8521
39.0,29.716647,-95.499039,48201421202,"Census Tract 4212.02, Harris County, Texas",0.8619,0.8637
40.0,29.728869,-95.460167,48201411700,"Census Tract 4117, Harris County, Texas",0.0193,0.0206
41.0,29.729969,-95.451427,48201411700,"Census Tract 4117, Harris County, Texas",0.0193,0.0206
42.0,29.733008,-95.386753,48201410702,"Census Tract 4107.02, Harris County, Texas",0.4886,0.4194
43.0,29.730241,-95.451477,48201411700,"Census Tract 4117, Harris County, Texas",0.0193,0.0206
44.0,29.729053,-95.460156,48201411600,"Census Tract 4116, Harris County, Texas",0.0535,0.0363
45.0,29.716832,-95.499262,48201421202,"Census Tract 4212.02, Harris County, Texas",0.8619,0.8637
46.0,29.675868,-95.542201,48201433600,"Census Tract 4336, Harris County, Texas",0.9443,0.9452
47.0,29.765617,-95.367342,48201510100,"Census Tract 5101, Harris County, Texas",0.289,0.2524
48.0,29.73542,-95.347357,48201312200,"Census Tract 3122, Harris County, Texas",0.8819,0.9811
49.0,29.71826,-95.320764,48201311900,"Census Tract 3119, Harris County, Texas",0.8213,0.8971
50.0,29.696929,-95.289726,48201332900,"Census Tract 3329, Harris County, Texas",0.934,0.9608
51.0,29.640866,-95.243419,48201320900,"Census Tract 3209, Harris County, Texas",0.9001,0.865
52.0,29.615983,-95.216127,48201334002,"Census Tract 3340.02, Harris County, Texas",0.243,0.407
53.0,29.586542,-95.184522,48201350500,"Census Tract 3505, Harris County, Texas",0.849,0.8924
54.0,29.553368,-95.15415,48201341000,"Census Tract 3410, Harris County, Texas",0.4317,0.3062
55.0,29.508139,-95.11658,48167720700,"Census Tract 7207, Galveston County, Texas",0.4023,0.4031
56.0,29.553609,-95.153812,48201341000,"Census Tract 3410, Harris County, Texas",0.4317,0.3062
57.0,29.586814,-95.184185,48201340100,"Census Tract 3401, Harris County, Texas",0.4936,0.5
58.0,29.616169,-95.215905,48201321100,"Census Tract 3211, Harris County, Texas",0.6321,0.6211
59.0,29.641038,-95.243187,48201320900,"Census Tract 3209, Harris County, Texas",0.9001,0.865
60.0,29.697298,-95.288556,48201332900,"Census Tract 3329, Harris County, Texas",0.934,0.9608
61.0,29.718449,-95.320678,48201311900,"Census Tract 3119, Harris County, Texas",0.8213,0.8971
62.0,29.735609,-95.347284,48201310200,"Census Tract 3102, Harris County, Texas",0.059,0.0635
63.0,29.785085,-95.644578,48201543200,"Census Tract 5432, Harris County, Texas",0.6252,0.5948
64.0,29.785122,-95.666661,48201541700,"Census Tract 5417, Harris County, Texas",0.3819,0.371
65.0,29.785367,-95.75175,48201542400,"Census Tract 5424, Harris County, Texas",0.764,0.7779
66.0,29.785477,-95.77728,48201542600,"Census Tract 5426, Harris County, Texas",0.1134,0.2096
67.0,29.785933,-95.777568,48201542600,"Census Tract 5426, Harris County, Texas",0.1134,0.2096
68.0,29.785014,-95.751881,48201455200,"Census Tract 4552, Harris County, Texas",0.3832,0.3426
69.0,29.784937,-95.706077,48201541800,"Census Tract 5418, Harris County, Texas",0.5416,0.6409
70.0,29.784744,-95.666664,48201454400,"Census Tract 4544, Harris County, Texas",0.1478,0.186
71.0,29.841463,-95.492893,48201521700,"Census Tract 5217, Harris County, Texas",0.8818,0.8777
72.0,29.812939,-95.410425,48201530200,"Census Tract 5302, Harris County, Texas",0.5835,0.5517
73.0,29.814056,-95.361187,48201220200,"Census Tract 2202, Harris County, Texas",0.6143,0.6441
74.0,29.812732,-95.410402,48201511500,"Census Tract 5115, Harris County, Texas",0.1582,0.1978
75.0,29.644437,-95.65151,48157672302,"Census Tract 6723.02, Fort Bend County, Texas",0.3738,0.2314
76.0,29.689787,-95.64365,48201452700,"Census Tract 4527, Harris County, Texas",0.8208,0.8669
77.0,29.729183,-95.643888,48201451700,"Census Tract 4517, Harris County, Texas",0.4126,0.4756
78.0,29.735651,-95.643986,48201451602,"Census Tract 4516.02, Harris County, Texas",0.3148,0.2578
79.0,29.755909,-95.644481,48201451601,"Census Tract 4516.01, Harris County, Texas",0.4441,0.5241
80.0,29.775416,-95.643972,48201450500,"Census Tract 4505, Harris County, Texas",0.0161,0.0626
81.0,29.867619,-95.645294,48201541400,"Census Tract 5414, Harris County, Texas",0.4819,0.47
82.0,29.836012,-95.645581,48201540501,"Census Tract 5405.01, Harris County, Texas",0.5835,0.7439
83.0,29.867616,-95.645115,48201540601,"Census Tract 5406.01, Harris County, Texas",0.1204,0.2326
84.0,29.87918,-95.645277,48201540602,"Census Tract 5406.02, Harris County, Texas",0.624,0.7294
85.0,29.902297,-95.634034,48201540902,"Census Tract 5409.02, Harris County, Texas",0.4201,0.237
86.0,29.909019,-95.629337,48201540902,"Census Tract 5409.02, Harris County, Texas",0.4201,0.237
87.0,29.916657,-95.615814,48201552002,"Census Tract 5520.02, Harris County, Texas",0.1378,0.2454
88.0,29.921801,-95.604884,48201552001,"Census Tract 5520.01, Harris County, Texas",0.4513,0.5567
89.0,29.916777,-95.615893,48201552101,"Census Tract 5521.01, Harris County, Texas",0.3112,0.3679
90.0,29.909174,-95.629465,48201541001,"Census Tract 5410.01, Harris County, Texas",0.5062,0.5636
91.0,29.90237,-95.634222,48201541001,"Census Tract 5410.01, Harris County, Texas",0.5062,0.5636
92.0,29.879173,-95.645491,48201541300,"Census Tract 5413, Harris County, Texas",0.6691,0.6341
93.0,29.836007,-95.645777,48201541602,"Census Tract 5416.02, Harris County, Texas",0.6638,0.8043
94.0,29.775362,-95.644148,48201454400,"Census Tract 4544, Harris County, Texas",0.1478,0.186
95.0,29.755857,-95.644652,48201454400,"Census Tract 4544, Harris County, Texas",0.1478,0.186
96.0,29.735586,-95.6442,48201454301,"Census Tract 4543.01, Harris County, Texas",0.6655,0.7182
97.0,29.729111,-95.644086,48201454301,"Census Tract 4543.01, Harris County, Texas",0.6655,0.7182
98.0,29.689724,-95.643828,48201454000,"Census Tract 4540, Harris County, Texas",0.5405,0.4999
,29.879597,-95.568099,48201551800,"Census Tract 5518, Harris County, Texas",0.1107,0.0509
99.0,29.879547,-95.608515,48201540800,"Census Tract 5408, Harris County, Texas",0.7187,0.6956
100.0,29.87923,-95.645364,48201541203,"Census Tract 5412.03, Harris County, Texas",0.0105,0.0249
101.0,29.879993,-95.683358,48201543003,"Census Tract 5430.03, Harris County, Texas",0.4616,0.553
,29.879709,-95.723927,48201543001,"Census Tract 5430.01, Harris County, Texas",0.0628,0.0538
,29.875243,-95.756532,48201542200,"Census Tract 5422, Harris County, Texas",0.4426,0.5483
102.0,29.879864,-95.683368,48201542102,"Census Tract 5421.02, Harris County, Texas",0.5514,0.4529
103.0,29.8791,-95.645377,48201541300,"Census Tract 5413, Harris County, Texas",0.6691,0.6341
104.0,29.939106,-95.331517,48201222700,"Census Tract 2227, Harris County, Texas",0.9679,0.9734
105.0,29.934568,-95.249527,48201250200,"Census Tract 2502, Harris County, Texas",0.7978,0.7925
106.0,29.934075,-95.225682,48201250301,"Census Tract 2503.01, Harris County, Texas",0.6475,0.6712
107.0,29.906715,-95.202398,48201232301,"Census Tract 2323.01, Harris County, Texas",0.9097,0.889
108.0,29.870693,-95.187803,48201232302,"Census Tract 2323.02, Harris County, Texas",0.7215,0.7595
109.0,29.808714,-95.163502,48201232401,"Census Tract 2324.01, Harris County, Texas",0.7975,0.7507
110.0,29.755168,-95.146199,48201252500,"Census Tract 2525, Harris County, Texas",0.9081,0.7592
111.0,29.701678,-95.153869,48201322600,"Census Tract 3226, Harris County, Texas",0.8431,0.8833
112.0,29.665646,-95.156176,48201323900,"Census Tract 3239, Harris County, Texas",0.9872,0.998
113.0,29.633552,-95.167894,48201324000,"Census Tract 3240, Harris County, Texas",0.5667,0.6596
114.0,29.615945,-95.191771,48201340100,"Census Tract 3401, Harris County, Texas",0.4936,0.5
115.0,29.632942,-95.167149,48201342002,"Census Tract 3420.02, Harris County, Texas",0.1763,0.095
116.0,29.665638,-95.155379,48201342100,"Census Tract 3421, Harris County, Texas",0.4715,0.4699
117.0,29.70167,-95.153122,48201342400,"Census Tract 3424, Harris County, Texas",0.5998,0.655
118.0,29.755098,-95.145928,48201252500,"Census Tract 2525, Harris County, Texas",0.9081,0.7592
119.0,29.808753,-95.163348,48201232401,"Census Tract 2324.01, Harris County, Texas",0.7975,0.7507
120.0,29.870745,-95.187632,48201232302,"Census Tract 2323.02, Harris County, Texas",0.7215,0.7595
121.0,29.9067,-95.202204,48201232301,"Census Tract 2323.01, Harris County, Texas",0.9097,0.889
122.0,29.934245,-95.225709,48201250301,"Census Tract 2503.01, Harris County, Texas",0.6475,0.6712
123.0,29.934738,-95.249534,48201250200,"Census Tract 2502, Harris County, Texas",0.7978,0.7925
124.0,29.939109,-95.331513,48201222700,"Census Tract 2227, Harris County, Texas",0.9679,0.9734
125.0,29.952238,-95.290553,48201250100,"Census Tract 2501, Harris County, Texas",0.6905,0.711
126.0,29.918444,-95.306681,48201232200,"Census Tract 2322, Harris County, Texas",0.5354,0.5473
127.0,29.807558,-95.455699,48201530100,"Census Tract 5301, Harris County, Texas",0.8372,0.8173
128.0,29.819451,-95.468871,48201531300,"Census Tract 5313, Harris County, Texas",0.9026,0.9191
129.0,29.780858,-95.453519,48201510900,"Census Tract 5109, Harris County, Texas",0.1936,0.0455
130.0,29.819475,-95.468457,48201531300,"Census Tract 5313, Harris County, Texas",0.9026,0.9191
131.0,29.785018,-95.246073,48201232600,"Census Tract 2326, Harris County, Texas",0.6259,0.5931
132.0,29.80822,-95.214314,48201232500,"Census Tract 2325, Harris County, Texas",0.8953,0.93
133.0,29.840877,-95.156193,48201252200,"Census Tract 2522, Harris County, Texas",0.736,0.7763
134.0,29.865522,-95.093673,48201252800,"Census Tract 2528, Harris County, Texas",0.9009,0.8477
135.0,29.884033,-95.063167,48201252800,"Census Tract 2528, Harris County, Texas",0.9009,0.8477
136.0,29.911711,-95.047163,48201252700,"Census Tract 2527, Harris County, Texas",0.7807,0.8373
137.0,29.939472,-95.02754,48201252700,"Census Tract 2527, Harris County, Texas",0.7807,0.8373
138.0,29.969876,-94.989415,48201252700,"Census Tract 2527, Harris County, Texas",0.7807,0.8373
139.0,29.940023,-95.028343,48201252700,"Census Tract 2527, Harris County, Texas",0.7807,0.8373
140.0,29.911717,-95.04727,48201252700,"Census Tract 2527, Harris County, Texas",0.7807,0.8373
141.0,29.884532,-95.063234,48201252800,"Census Tract 2528, Harris County, Texas",0.9009,0.8477
142.0,29.865865,-95.093753,48201252600,"Census Tract 2526, Harris County, Texas",0.8667,0.8853
143.0,29.841209,-95.156374,48201252200,"Census Tract 2522, Harris County, Texas",0.736,0.7763
144.0,29.808649,-95.215071,48201232500,"Census Tract 2325, Harris County, Texas",0.8953,0.93
145.0,30.070176,-95.934198,48473680300,"Census Tract 6803, Waller County, Texas",0.8412,0.787
146.0,30.063271,-95.908985,48201556000,"Census Tract 5560, Harris County, Texas",0.6646,0.8321
147.0,30.047579,-95.874219,48201556000,"Census Tract 5560, Harris County, Texas",0.6646,0.8321
148.0,30.016276,-95.8153,48201556000,"Census Tract 5560, Harris County, Texas",0.6646,0.8321
149.0,30.003702,-95.782015,48201543001,"Census Tract 5430.01, Harris County, Texas",0.0628,0.0538
150.0,29.979026,-95.717097,48201543002,"Census Tract 5430.02, Harris County, Texas",0.1533,0.1503
151.0,29.95301,-95.673512,48201543002,"Census Tract 5430.02, Harris County, Texas",0.1533,0.1503
152.0,29.923375,-95.628512,48201552101,"Census Tract 5521.01, Harris County, Texas",0.3112,0.3679
153.0,29.916645,-95.616059,48201552101,"Census Tract 5521.01, Harris County, Texas",0.3112,0.3679
154.0,29.900783,-95.599478,48201552001,"Census Tract 5520.01, Harris County, Texas",0.4513,0.5567
155.0,29.876754,-95.563204,48201540100,"Census Tract 5401, Harris County, Texas",0.2728,0.2462
156.0,29.859374,-95.524388,48201521700,"Census Tract 5217, Harris County, Texas",0.8818,0.8777
157.0,29.841464,-95.49234,48201532300,"Census Tract 5323, Harris County, Texas",0.655,0.6342
158.0,29.859702,-95.524371,48201534203,"Census Tract 5342.03, Harris County, Texas",0.8633,0.9061
159.0,29.876963,-95.56309,48201551800,"Census Tract 5518, Harris County, Texas",0.1107,0.0509
160.0,29.901047,-95.59923,48201552001,"Census Tract 5520.01, Harris County, Texas",0.4513,0.5567
161.0,29.91679,-95.61575,48201552101,"Census Tract 5521.01, Harris County, Texas",0.3112,0.3679
162.0,29.923643,-95.628519,48201552101,"Census Tract 5521.01, Harris County, Texas",0.3112,0.3679
163.0,29.953262,-95.67339,48201552200,"Census Tract 5522, Harris County, Texas",0.7956,0.8204
164.0,29.979249,-95.71698,48201543002,"Census Tract 5430.02, Harris County, Texas",0.1533,0.1503
165.0,30.003953,-95.781991,48201543001,"Census Tract 5430.01, Harris County, Texas",0.0628,0.0538
166.0,30.016504,-95.815325,48201556000,"Census Tract 5560, Harris County, Texas",0.6646,0.8321
167.0,30.047807,-95.874204,48201556000,"Census Tract 5560, Harris County, Texas",0.6646,0.8321
168.0,30.063396,-95.908799,48201556000,"Census Tract 5560, Harris County, Texas",0.6646,0.8321
169.0,29.563891,-95.025932,48201341502,"Census Tract 3415.02, Harris County, Texas",0.0923,0.0488
170.0,29.560389,-95.034099,48201341502,"Census Tract 3415.02, Harris County, Texas",0.0923,0.0488
171.0,29.566643,-95.058545,48201341400,"Census Tract 3414, Harris County, Texas",0.2231,0.1444
172.0,29.552589,-95.086339,48201341202,"Census Tract 3412.02, Harris County, Texas",0.4339,0.2977
173.0,29.547629,-95.101321,48201341202,"Census Tract 3412.02, Harris County, Texas",0.4339,0.2977
174.0,29.529792,-95.110706,48201341201,"Census Tract 3412.01, Harris County, Texas",0.7422,0.8134
175.0,29.521524,-95.124463,48201341201,"Census Tract 3412.01, Harris County, Texas",0.7422,0.8134
176.0,29.521405,-95.124393,48201341201,"Census Tract 3412.01, Harris County, Texas",0.7422,0.8134
177.0,29.529735,-95.110647,48201341201,"Census Tract 3412.01, Harris County, Texas",0.7422,0.8134
178.0,29.547487,-95.101273,48201341202,"Census Tract 3412.02, Harris County, Texas",0.4339,0.2977
179.0,29.552345,-95.086251,48201341202,"Census Tract 3412.02, Harris County, Texas",0.4339,0.2977
180.0,29.744062,-95.772867,48157673102,"Census Tract 6731.02, Fort Bend County, Texas",0.157,0.2814
181.0,29.772094,-95.777051,48201455300,"Census Tract 4553, Harris County, Texas",0.401,0.3915
182.0,29.79392,-95.776389,48201542600,"Census Tract 5426, Harris County, Texas",0.1134,0.2096
183.0,29.817108,-95.770873,48201542900,"Census Tract 5429, Harris County, Texas",0.4822,0.4233
184.0,29.831641,-95.760556,48201542900,"Census Tract 5429, Harris County, Texas",0.4822,0.4233
185.0,29.860775,-95.756266,48201542200,"Census Tract 5422, Harris County, Texas",0.4426,0.5483
186.0,29.875295,-95.756419,48201543001,"Census Tract 5430.01, Harris County, Texas",0.0628,0.0538
187.0,29.904381,-95.758449,48201543001,"Census Tract 5430.01, Harris County, Texas",0.0628,0.0538
188.0,29.933462,-95.763426,48201543001,"Census Tract 5430.01, Harris County, Texas",0.0628,0.0538
189.0,29.953468,-95.769644,48201543001,"Census Tract 5430.01, Harris County, Texas",0.0628,0.0538
190.0,29.992367,-95.769184,48201543001,"Census Tract 5430.01, Harris County, Texas",0.0628,0.0538
191.0,29.953469,-95.769865,48201543001,"Census Tract 5430.01, Harris County, Texas",0.0628,0.0538
192.0,29.933427,-95.763674,48201543001,"Census Tract 5430.01, Harris County, Texas",0.0628,0.0538
193.0,29.904373,-95.758676,48201543001,"Census Tract 5430.01, Harris County, Texas",0.0628,0.0538
194.0,29.875297,-95.756641,48201543001,"Census Tract 5430.01, Harris County, Texas",0.0628,0.0538
195.0,29.860784,-95.756502,48201542200,"Census Tract 5422, Harris County, Texas",0.4426,0.5483
196.0,29.831632,-95.760817,48201542900,"Census Tract 5429, Harris County, Texas",0.4822,0.4233
197.0,29.817095,-95.771129,48201542900,"Census Tract 5429, Harris County, Texas",0.4822,0.4233
198.0,29.793925,-95.776621,48201542600,"Census Tract 5426, Harris County, Texas",0.1134,0.2096
199.0,29.77205,-95.777353,48201455300,"Census Tract 4553, Harris County, Texas",0.401,0.3915
200.0,29.661097,-95.557844,48201423100,"Census Tract 4231, Harris County, Texas",0.8527,0.8521
201.0,29.689388,-95.557288,48201433501,"Census Tract 4335.01, Harris County, Texas",0.9122,0.874
202.0,29.727632,-95.557395,48201432400,"Census Tract 4324, Harris County, Texas",0.6884,0.6493
203.0,29.74758,-95.557717,48201431000,"Census Tract 4310, Harris County, Texas",0.1647,0.1838
204.0,29.763803,-95.558829,48201430900,"Census Tract 4309, Harris County, Texas",0.154,0.1622
205.0,29.812705,-95.563593,48201543200,"Census Tract 5432, Harris County, Texas",0.6252,0.5948
206.0,29.822687,-95.563609,48201521900,"Census Tract 5219, Harris County, Texas",0.6577,0.5969
207.0,29.831961,-95.563692,48201521800,"Census Tract 5218, Harris County, Texas",0.6153,0.5731
208.0,29.867106,-95.563718,48201521800,"Census Tract 5218, Harris County, Texas",0.6153,0.5731
209.0,29.878974,-95.548866,48201534203,"Census Tract 5342.03, Harris County, Texas",0.8633,0.9061
210.0,29.902851,-95.551866,48201551703,"Census Tract 5517.03, Harris County, Texas",0.1474,0.2422
211.0,29.923886,-95.555117,48201551703,"Census Tract 5517.03, Harris County, Texas",0.1474,0.2422
212.0,29.902846,-95.552155,48201551703,"Census Tract 5517.03, Harris County, Texas",0.1474,0.2422
213.0,29.879046,-95.54913,48201551800,"Census Tract 5518, Harris County, Texas",0.1107,0.0509
214.0,29.867224,-95.563954,48201540100,"Census Tract 5401, Harris County, Texas",0.2728,0.2462
215.0,29.831953,-95.563896,48201540100,"Census Tract 5401, Harris County, Texas",0.2728,0.2462
216.0,29.822668,-95.563863,48201540200,"Census Tract 5402, Harris County, Texas",0.5963,0.5174
217.0,29.8127,-95.563798,48201543200,"Census Tract 5432, Harris County, Texas",0.6252,0.5948
218.0,29.763718,-95.559044,48201430900,"Census Tract 4309, Harris County, Texas",0.154,0.1622
219.0,29.747569,-95.557923,48201450802,"Census Tract 4508.02, Harris County, Texas",0.7437,0.8021
220.0,29.727639,-95.55764,48201452202,"Census Tract 4522.02, Harris County, Texas",0.2518,0.6657
221.0,29.68942,-95.557512,48201453200,"Census Tract 4532, Harris County, Texas",0.9919,0.9583
222.0,29.765531,-95.366943,48201100000,"Census Tract 1000, Harris County, Texas",0.4829,0.3673
223.0,29.803902,-95.372386,48201210600,"Census Tract 2106, Harris County, Texas",0.5928,0.6002
224.0,29.845536,-95.392699,48201221400,"Census Tract 2214, Harris County, Texas",0.9245,0.9381
225.0,29.869896,-95.407708,48201221600,"Census Tract 2216, Harris County, Texas",0.818,0.7988
226.0,29.91513,-95.412443,48201222503,"Census Tract 2225.03, Harris County, Texas",0.9718,0.9497
227.0,29.949044,-95.416794,48201240100,"Census Tract 2401, Harris County, Texas",0.8776,0.9028
228.0,29.981941,-95.422461,48201240702,"Census Tract 2407.02, Harris County, Texas",0.7144,0.771
229.0,30.021406,-95.428689,48201240801,"Census Tract 2408.01, Harris County, Texas",0.7848,0.7375
230.0,30.066577,-95.434338,48201241300,"Census Tract 2413, Harris County, Texas",0.2492,0.3179
231.0,30.110805,-95.436825,48339691400,"Census Tract 6914, Montgomery County, Texas",0.2049,0.2179
232.0,30.066508,-95.434607,48201553403,"Census Tract 5534.03, Harris County, Texas",0.1226,0.2345
233.0,30.021308,-95.429023,48201553300,"Census Tract 5533, Harris County, Texas",0.8111,0.8415
234.0,29.981913,-95.422775,48201550301,"Census Tract 5503.01, Harris County, Texas",0.8064,0.8409
235.0,29.949078,-95.417102,48201240100,"Census Tract 2401, Harris County, Texas",0.8776,0.9028
236.0,29.915123,-95.412709,48201533701,"Census Tract 5337.01, Harris County, Texas",0.8988,0.8345
237.0,29.869883,-95.407907,48201221600,"Census Tract 2216, Harris County, Texas",0.818,0.7988
238.0,29.845557,-95.392983,48201530700,"Census Tract 5307, Harris County, Texas",0.9799,0.9823
239.0,29.80392,-95.372602,48201210600,"Census Tract 2106, Harris County, Texas",0.5928,0.6002
240.0,29.783961,-95.468028,48201430100,"Census Tract 4301, Harris County, Texas",0.4065,0.4308
241.0,29.777423,-95.429054,48201510800,"Census Tract 5108, Harris County, Texas",0.0246,0.0706
242.0,29.777437,-95.409615,48201510600,"Census Tract 5106, Harris County, Texas",0.0741,0.0115
243.0,29.773885,-95.36705,48201510100,"Census Tract 5101, Harris County, Texas",0.289,0.2524
244.0,29.777661,-95.409642,48201510900,"Census Tract 5109, Harris County, Texas",0.1936,0.0455
245.0,29.777654,-95.42934,48201510800,"Census Tract 5108, Harris County, Texas",0.0246,0.0706
246.0,29.773619,-95.367849,48201510100,"Census Tract 5101, Harris County, Texas",0.289,0.2524
247.0,29.768114,-95.356029,48201210100,"Census Tract 2101, Harris County, Texas",0.7198,0.515
248.0,29.769107,-95.335726,48201211400,"Census Tract 2114, Harris County, Texas",0.964,0.9032
249.0,29.774163,-95.307436,48201211500,"Census Tract 2115, Harris County, Texas",0.8575,0.8922
250.0,29.776804,-95.272121,48201212500,"Census Tract 2125, Harris County, Texas",0.8535,0.8352
251.0,29.773036,-95.23296,48201233400,"Census Tract 2334, Harris County, Texas",0.8504,0.9155
252.0,29.771192,-95.206185,48201233300,"Census Tract 2333, Harris County, Texas",0.8955,0.8787
253.0,29.771086,-95.153389,48201252500,"Census Tract 2525, Harris County, Texas",0.9081,0.7592
254.0,29.778005,-95.124485,48201252500,"Census Tract 2525, Harris County, Texas",0.9081,0.7592
255.0,29.792256,-95.079634,48201252500,"Census Tract 2525, Harris County, Texas",0.9081,0.7592
256.0,29.790319,-95.052813,48201253300,"Census Tract 2533, Harris County, Texas",0.4841,0.5267
257.0,29.800074,-95.016725,48201253200,"Census Tract 2532, Harris County, Texas",0.7551,0.6865
258.0,29.790812,-95.056594,48201253300,"Census Tract 2533, Harris County, Texas",0.4841,0.5267
259.0,29.792408,-95.079717,48201252500,"Census Tract 2525, Harris County, Texas",0.9081,0.7592
260.0,29.778222,-95.124456,48201252600,"Census Tract 2526, Harris County, Texas",0.8667,0.8853
261.0,29.771272,-95.153574,48201252500,"Census Tract 2525, Harris County, Texas",0.9081,0.7592
262.0,29.771383,-95.206186,48201232702,"Census Tract 2327.02, Harris County, Texas",0.9447,0.959
263.0,29.773217,-95.232919,48201232600,"Census Tract 2326, Harris County, Texas",0.6259,0.5931
264.0,29.777007,-95.272071,48201212500,"Census Tract 2125, Harris County, Texas",0.8535,0.8352
265.0,29.774349,-95.307415,48201211500,"Census Tract 2115, Harris County, Texas",0.8575,0.8922
266.0,29.769335,-95.335747,48201211300,"Census Tract 2113, Harris County, Texas",0.9907,0.9492
267.0,29.768301,-95.35596,48201210100,"Census Tract 2101, Harris County, Texas",0.7198,0.515
268.0,29.66087,-95.558047,48201440100,"Census Tract 4401, Harris County, Texas",0.7569,0.758
269.0,29.637102,-95.531034,48201440100,"Census Tract 4401, Harris County, Texas",0.7569,0.758
270.0,29.61353,-95.494954,48201330303,"Census Tract 3303.03, Harris County, Texas",0.7546,0.8178
271.0,29.599802,-95.464941,48201330700,"Census Tract 3307, Harris County, Texas",0.8663,0.9188
272.0,29.596785,-95.426584,48201330700,"Census Tract 3307, Harris County, Texas",0.8663,0.9188
273.0,29.596904,-95.38658,48201330800,"Census Tract 3308, Harris County, Texas",0.7047,0.6247
274.0,29.598437,-95.35317,48201330800,"Census Tract 3308, Harris County, Texas",0.7047,0.6247
275.0,29.600056,-95.298459,48201333800,"Census Tract 3338, Harris County, Texas",0.7962,0.8067
276.0,29.599864,-95.266309,48201350100,"Census Tract 3501, Harris County, Texas",0.3853,0.4329
277.0,29.600548,-95.228639,48201350200,"Census Tract 3502, Harris County, Texas",0.5666,0.5734
278.0,29.616482,-95.192285,48201321100,"Census Tract 3211, Harris County, Texas",0.6321,0.6211
279.0,29.601178,-95.22866,48201334003,"Census Tract 3340.03, Harris County, Texas",0.5143,0.6
280.0,29.600766,-95.266302,48201333901,"Census Tract 3339.01, Harris County, Texas",0.5379,0.4579
281.0,29.600929,-95.298689,48201333800,"Census Tract 3338, Harris County, Texas",0.7962,0.8067
282.0,29.599304,-95.353458,48201330800,"Census Tract 3308, Harris County, Texas",0.7047,0.6247
283.0,29.597807,-95.386604,48201330800,"Census Tract 3308, Harris County, Texas",0.7047,0.6247
284.0,29.599296,-95.353456,48201330800,"Census Tract 3308, Harris County, Texas",0.7047,0.6247
285.0,29.597474,-95.426306,48201330700,"Census Tract 3307, Harris County, Texas",0.8663,0.9188
286.0,29.600635,-95.464606,48201330700,"Census Tract 3307, Harris County, Texas",0.8663,0.9188
287.0,29.613635,-95.49291,48201330302,"Census Tract 3303.02, Harris County, Texas",0.7106,0.8
288.0,29.637477,-95.530664,48201423600,"Census Tract 4236, Harris County, Texas",0.8532,0.8102
289.0,29.813804,-95.361217,48201210600,"Census Tract 2106, Harris County, Texas",0.5928,0.6002
290.0,29.80848,-95.328506,48201230100,"Census Tract 2301, Harris County, Texas",0.9007,0.8859
291.0,29.804202,-95.290464,48201211700,"Census Tract 2117, Harris County, Texas",0.9572,0.9118
292.0,29.784546,-95.264733,48201232600,"Census Tract 2326, Harris County, Texas",0.6259,0.5931
293.0,29.80442,-95.290385,48201230900,"Census Tract 2309, Harris County, Texas",0.9524,0.9674
294.0,29.808655,-95.328521,48201230100,"Census Tract 2301, Harris County, Texas",0.9007,0.8859
295.0,29.784477,-95.264954,48201232600,"Census Tract 2326, Harris County, Texas",0.6259,0.5931
296.0,29.73827,-95.265463,48201212500,"Census Tract 2125, Harris County, Texas",0.8535,0.8352
297.0,29.709722,-95.267349,48201320200,"Census Tract 3202, Harris County, Texas",0.8766,0.8399
298.0,29.695668,-95.300339,48201332800,"Census Tract 3328, Harris County, Texas",0.9822,0.9895
299.0,29.713466,-95.266077,48201324200,"Census Tract 3242, Harris County, Texas",0.6999,0.8247
300.0,29.738125,-95.265237,48201233600,"Census Tract 2336, Harris County, Texas",0.8486,0.8355
301.0,29.69588,-95.30042,48201332800,"Census Tract 3328, Harris County, Texas",0.9822,0.9895
302.0,29.688937,-95.332142,48201332200,"Census Tract 3322, Harris County, Texas",0.8738,0.8181
303.0,29.681008,-95.366649,48201313800,"Census Tract 3138, Harris County, Texas",0.9548,0.9106
304.0,29.679036,-95.403177,48201334100,"Census Tract 3341, Harris County, Texas",0.7973,0.8046
305.0,29.679544,-95.439963,48201412900,"Census Tract 4129, Harris County, Texas",0.283,0.3914
306.0,29.698591,-95.459247,48201420900,"Census Tract 4209, Harris County, Texas",0.0334,0.0637
307.0,29.679298,-95.439955,48201420200,"Census Tract 4202, Harris County, Texas",0.582,0.5779
308.0,29.678799,-95.403176,48201334100,"Census Tract 3341, Harris County, Texas",0.7973,0.8046
309.0,29.680796,-95.366707,48201331100,"Census Tract 3311, Harris County, Texas",0.9174,0.9716
310.0,29.688773,-95.332056,48201332200,"Census Tract 3322, Harris County, Texas",0.8738,0.8181
311.0,29.698578,-95.458977,48201412800,"Census Tract 4128, Harris County, Texas",0.0458,0.0151
312.0,29.716692,-95.460046,48201412700,"Census Tract 4127, Harris County, Texas",0.2135,0.2376
313.0,29.754132,-95.455406,48201411300,"Census Tract 4113, Harris County, Texas",0.0489,0.1397
314.0,29.754151,-95.455732,48201431802,"Census Tract 4318.02, Harris County, Texas",0.2472,0.2478
315.0,29.716684,-95.460337,48201421000,"Census Tract 4210, Harris County, Texas",0.0132,0.0254
316.0,29.780616,-95.453804,48201510800,"Census Tract 5108, Harris County, Texas",0.0246,0.0706
317.0,29.923831,-95.554893,48201551703,"Census Tract 5517.03, Harris County, Texas",0.1474,0.2422
318.0,29.936896,-95.516097,48201551500,"Census Tract 5515, Harris County, Texas",0.6052,0.7364
319.0,29.937407,-95.471645,48201533802,"Census Tract 5338.02, Harris County, Texas",0.8301,0.7408
320.0,29.937671,-95.432354,48201533701,"Census Tract 5337.01, Harris County, Texas",0.8988,0.8345
321.0,29.938686,-95.381298,48201222600,"Census Tract 2226, Harris County, Texas",0.8985,0.9303
322.0,29.939311,-95.331544,48201241500,"Census Tract 2415, Harris County, Texas",0.9838,0.9366
323.0,29.938863,-95.381339,48201240100,"Census Tract 2401, Harris County, Texas",0.8776,0.9028
324.0,29.93783,-95.43238,48201550100,"Census Tract 5501, Harris County, Texas",0.9815,0.979
325.0,29.937715,-95.47166,48201550700,"Census Tract 5507, Harris County, Texas",0.6017,0.6856
326.0,29.937052,-95.516296,48201551500,"Census Tract 5515, Harris County, Texas",0.6052,0.7364
327.0,29.936973,-95.516072,48201551500,"Census Tract 5515, Harris County, Texas",0.6052,0.7364
328.0,29.953269,-95.537675,48201551500,"Census Tract 5515, Harris County, Texas",0.6052,0.7364
329.0,29.973683,-95.563347,48201552602,"Census Tract 5526.02, Harris County, Texas",0.2285,0.3525
330.0,29.996693,-95.579024,48201554200,"Census Tract 5542, Harris County, Texas",0.4898,0.5096
331.0,30.013088,-95.590516,48201555502,"Census Tract 5555.02, Harris County, Texas",0.335,0.1819
332.0,30.036414,-95.604245,48201555502,"Census Tract 5555.02, Harris County, Texas",0.335,0.1819
333.0,30.066722,-95.622885,48201554801,"Census Tract 5548.01, Harris County, Texas",0.6257,0.5337
334.0,30.089423,-95.636022,48201555501,"Census Tract 5555.01, Harris County, Texas",0.7322,0.6319
335.0,30.066713,-95.623108,48201554801,"Census Tract 5548.01, Harris County, Texas",0.6257,0.5337
336.0,30.036351,-95.60443,48201555502,"Census Tract 5555.02, Harris County, Texas",0.335,0.1819
337.0,30.013081,-95.5908,48201555502,"Census Tract 5555.02, Harris County, Texas",0.335,0.1819
338.0,29.996691,-95.579318,48201554700,"Census Tract 5547, Harris County, Texas",0.1034,0.0652
339.0,29.973454,-95.563526,48201552602,"Census Tract 5526.02, Harris County, Texas",0.2285,0.3525
340.0,29.953115,-95.53783,48201551500,"Census Tract 5515, Harris County, Texas",0.6052,0.7364
341.0,30.034847,-95.256219,48201251100,"Census Tract 2511, Harris County, Texas",0.1878,0.3146
342.0,30.01814,-95.262436,48201250701,"Census Tract 2507.01, Harris County, Texas",0.4254,0.3057
343.0,29.982507,-95.277146,48201241500,"Census Tract 2415, Harris County, Texas",0.9838,0.9366
344.0,29.918506,-95.307051,48201232200,"Census Tract 2322, Harris County, Texas",0.5354,0.5473
345.0,29.89099,-95.3182,48201232100,"Census Tract 2321, Harris County, Texas",0.9416,0.909
346.0,29.859331,-95.333681,48201230500,"Census Tract 2305, Harris County, Texas",0.9033,0.9398
347.0,29.829216,-95.335367,48201230500,"Census Tract 2305, Harris County, Texas",0.9033,0.9398
348.0,29.810698,-95.335323,48201230100,"Census Tract 2301, Harris County, Texas",0.9007,0.8859
349.0,29.783813,-95.340088,48201210800,"Census Tract 2108, Harris County, Texas",0.9412,0.8955
350.0,29.757916,-95.351731,48201310100,"Census Tract 3101, Harris County, Texas",0.815,0.7743
351.0,29.810569,-95.33509,48201230100,"Census Tract 2301, Harris County, Texas",0.9007,0.8859
352.0,29.82921,-95.334993,48201230500,"Census Tract 2305, Harris County, Texas",0.9033,0.9398
353.0,29.859332,-95.333283,48201230500,"Census Tract 2305, Harris County, Texas",0.9033,0.9398
354.0,29.890968,-95.317844,48201231700,"Census Tract 2317, Harris County, Texas",0.7915,0.8632
355.0,29.95222,-95.290147,48201250100,"Census Tract 2501, Harris County, Texas",0.6905,0.711
356.0,29.982303,-95.27673,48201250600,"Census Tract 2506, Harris County, Texas",0.9321,0.8541
357.0,30.018011,-95.262093,48201250701,"Census Tract 2507.01, Harris County, Texas",0.4254,0.3057
358.0,29.758054,-95.351904,48201100000,"Census Tract 1000, Harris County, Texas",0.4829,0.3673
359.0,29.735179,-95.370348,48201312400,"Census Tract 3124, Harris County, Texas",0.8397,0.8039
360.0,29.73097,-95.410537,48201411900,"Census Tract 4119, Harris County, Texas",0.0541,0.0442
361.0,29.729008,-95.441435,48201411800,"Census Tract 4118, Harris County, Texas",0.0952,0.1422
362.0,29.72596,-95.476425,48201421102,"Census Tract 4211.02, Harris County, Texas",0.9036,0.9171
363.0,29.723633,-95.4916,48201421201,"Census Tract 4212.01, Harris County, Texas",0.7496,0.767
364.0,29.704423,-95.5133,48201432802,"Census Tract 4328.02, Harris County, Texas",0.9769,0.9966
365.0,29.692109,-95.527215,48201433300,"Census Tract 4333, Harris County, Texas",0.6966,0.7121
366.0,29.661127,-95.558036,48201423100,"Census Tract 4231, Harris County, Texas",0.8527,0.8521
367.0,29.643955,-95.576063,48157671800,"Census Tract 6718, Fort Bend County, Texas",0.4611,0.5337
368.0,29.66089,-95.557895,48201423100,"Census Tract 4231, Harris County, Texas",0.8527,0.8521
369.0,29.692007,-95.526901,48201422800,"Census Tract 4228, Harris County, Texas",0.9115,0.9496
370.0,29.704304,-95.512983,48201422702,"Census Tract 4227.02, Harris County, Texas",0.5396,0.479
371.0,29.723665,-95.491096,48201421201,"Census Tract 4212.01, Harris County, Texas",0.7496,0.767
372.0,29.725681,-95.476439,48201421102,"Census Tract 4211.02, Harris County, Texas",0.9036,0.9171
373.0,29.728723,-95.441435,48201411800,"Census Tract 4118, Harris County, Texas",0.0952,0.1422
374.0,29.730707,-95.410536,48201411900,"Census Tract 4119, Harris County, Texas",0.0541,0.0442
375.0,29.736975,-95.367981,48201312300,"Census Tract 3123, Harris County, Texas",0.9156,0.8624
376.0,29.7095,-95.267452,48201320200,"Census Tract 3202, Harris County, Texas",0.8766,0.8399
377.0,29.707514,-95.228122,48201321900,"Census Tract 3219, Harris County, Texas",0.9108,0.878
378.0,29.711951,-95.201342,48201324100,"Census Tract 3241, Harris County, Texas",0.9575,0.932
379.0,29.71242,-95.171575,48201322800,"Census Tract 3228, Harris County, Texas",0.7681,0.8133
380.0,29.711525,-95.144395,48201342500,"Census Tract 3425, Harris County, Texas",0.4055,0.3475
381.0,29.710421,-95.113237,48201342800,"Census Tract 3428, Harris County, Texas",0.0322,0.0637
382.0,29.704411,-95.093049,48201342800,"Census Tract 3428, Harris County, Texas",0.0322,0.0637
383.0,29.688071,-95.036076,48201343600,"Census Tract 3436, Harris County, Texas",0.7337,0.7615
384.0,29.703133,-95.088382,48201343301,"Census Tract 3433.01, Harris County, Texas",0.2679,0.421
385.0,29.710624,-95.113245,48201343600,"Census Tract 3436, Harris County, Texas",0.7337,0.7615
386.0,29.711722,-95.144388,48201343600,"Census Tract 3436, Harris County, Texas",0.7337,0.7615
387.0,29.712576,-95.171581,48201322800,"Census Tract 3228, Harris County, Texas",0.7681,0.8133
388.0,29.712094,-95.201337,48201324100,"Census Tract 3241, Harris County, Texas",0.9575,0.932
389.0,29.707685,-95.22819,48201324200,"Census Tract 3242, Harris County, Texas",0.6999,0.8247
390.0,29.708765,-95.262419,48201320200,"Census Tract 3202, Harris County, Texas",0.8766,0.8399
391.0,29.636459,-95.029789,48201343700,"Census Tract 3437, Harris County, Texas",0.8466,0.701
392.0,29.665274,-95.029165,48201343700,"Census Tract 3437, Harris County, Texas",0.8466,0.701
393.0,29.693536,-95.028572,48201343600,"Census Tract 3436, Harris County, Texas",0.7337,0.7615
394.0,29.716575,-94.997369,48201254600,"Census Tract 2546, Harris County, Texas",0.7762,0.7349
395.0,29.740769,-94.990668,48201254500,"Census Tract 2545, Harris County, Texas",0.9325,0.9127
396.0,29.716683,-94.997521,48201254600,"Census Tract 2546, Harris County, Texas",0.7762,0.7349
397.0,29.69242,-95.029593,48201343600,"Census Tract 3436, Harris County, Texas",0.7337,0.7615
398.0,29.665282,-95.029344,48201343700,"Census Tract 3437, Harris County, Texas",0.8466,0.701
399.0,29.740651,-94.990474,48201254500,"Census Tract 2545, Harris County, Texas",0.9325,0.9127
400.0,29.756096,-94.995407,48201253600,"Census Tract 2536, Harris County, Texas",0.7904,0.8417
401.0,29.770171,-95.013014,48201253500,"Census Tract 2535, Harris County, Texas",0.8493,0.9406
402.0,29.783107,-95.032034,48201253500,"Census Tract 2535, Harris County, Texas",0.8493,0.9406
403.0,29.78703,-95.041489,48201253200,"Census Tract 2532, Harris County, Texas",0.7551,0.6865
404.0,29.790298,-95.053075,48201253300,"Census Tract 2533, Harris County, Texas",0.4841,0.5267
405.0,29.786943,-95.0416,48201253200,"Census Tract 2532, Harris County, Texas",0.7551,0.6865
406.0,29.782949,-95.032041,48201253500,"Census Tract 2535, Harris County, Texas",0.8493,0.9406
407.0,29.769963,-95.013068,48201253600,"Census Tract 2536, Harris County, Texas",0.7904,0.8417
408.0,29.755924,-94.995515,48201253600,"Census Tract 2536, Harris County, Texas",0.7904,0.8417
409.0,29.580267,-95.385995,48039660601,"Census Tract 6606.01, Brazoria County, Texas",0.171,0.2895
410.0,29.597369,-95.3864,48201330800,"Census Tract 3308, Harris County, Texas",0.7047,0.6247
411.0,29.627641,-95.386756,48201331500,"Census Tract 3315, Harris County, Texas",0.6801,0.7065
412.0,29.657749,-95.387008,48201331200,"Census Tract 3312, Harris County, Texas",0.9446,0.9559
413.0,29.68073,-95.380165,48201331100,"Census Tract 3311, Harris County, Texas",0.9174,0.9716
414.0,29.700965,-95.374785,48201313700,"Census Tract 3137, Harris County, Texas",0.9198,0.8424
415.0,29.736582,-95.36897,48201312400,"Census Tract 3124, Harris County, Texas",0.8397,0.8039
416.0,29.70094,-95.375431,48201313700,"Census Tract 3137, Harris County, Texas",0.9198,0.8424
417.0,29.68069,-95.382151,48201334100,"Census Tract 3341, Harris County, Texas",0.7973,0.8046
418.0,29.657726,-95.387493,48201331200,"Census Tract 3312, Harris County, Texas",0.9446,0.9559
419.0,29.627655,-95.387238,48201331500,"Census Tract 3315, Harris County, Texas",0.6801,0.7065
420.0,29.597354,-95.386788,48201330800,"Census Tract 3308, Harris County, Texas",0.7047,0.6247
421.0,29.748469,-95.456171,48201411300,"Census Tract 4113, Harris County, Texas",0.0489,0.1397
422.0,29.731941,-95.459821,48201411600,"Census Tract 4116, Harris County, Texas",0.0535,0.0363
423.0,29.773311,-95.455972,48201510800,"Census Tract 5108, Harris County, Texas",0.0246,0.0706
424.0,29.773334,-95.456242,48201430100,"Census Tract 4301, Harris County, Texas",0.4065,0.4308
425.0,29.731933,-95.46013,48201431900,"Census Tract 4319, Harris County, Texas",0.1244,0.2113
426.0,29.636458,-95.029902,48201343700,"Census Tract 3437, Harris County, Texas",0.8466,0.701
427.0,29.603748,-95.032048,48201343700,"Census Tract 3437, Harris County, Texas",0.8466,0.701
428.0,29.575972,-95.027974,48201341501,"Census Tract 3415.01, Harris County, Texas",0.0773,0.1058
429.0,29.563763,-95.026,48201341502,"Census Tract 3415.02, Harris County, Texas",0.0923,0.0488
430.0,29.541006,-95.02009,48167721400,"Census Tract 7214, Galveston County, Texas",0.0362,0.1249
431.0,29.563772,-95.025851,48201341502,"Census Tract 3415.02, Harris County, Texas",0.0923,0.0488
432.0,29.575966,-95.027773,48201341600,"Census Tract 3416, Harris County, Texas",0.4163,0.4828
433.0,29.603743,-95.03191,48201343700,"Census Tract 3437, Harris County, Texas",0.8466,0.701
434.0,29.992362,-95.768947,48201543001,"Census Tract 5430.01, Harris County, Texas",0.0628,0.0538
435.0,30.002663,-95.768915,48201555702,"Census Tract 5557.02, Harris County, Texas",0.0586,0.0861
436.0,30.032063,-95.764078,48201555600,"Census Tract 5556, Harris County, Texas",0.4343,0.4345
437.0,30.053271,-95.733785,48201555600,"Census Tract 5556, Harris County, Texas",0.4343,0.4345
438.0,30.052166,-95.697533,48201555501,"Census Tract 5555.01, Harris County, Texas",0.7322,0.6319
439.0,30.050601,-95.660108,48201555501,"Census Tract 5555.01, Harris County, Texas",0.7322,0.6319
440.0,30.052223,-95.637501,48201555502,"Census Tract 5555.02, Harris County, Texas",0.335,0.1819
441.0,30.05171,-95.615116,48201554801,"Census Tract 5548.01, Harris County, Texas",0.6257,0.5337
442.0,30.05383,-95.578808,48201554802,"Census Tract 5548.02, Harris County, Texas",0.2682,0.2676
443.0,30.075276,-95.556724,48201554901,"Census Tract 5549.01, Harris County, Texas",0.3823,0.5635
444.0,30.086946,-95.526913,48201554902,"Census Tract 5549.02, Harris County, Texas",0.0902,0.2022
445.0,30.094361,-95.506738,48201555200,"Census Tract 5552, Harris County, Texas",0.495,0.3987
446.0,30.087774,-95.450722,48201555200,"Census Tract 5552, Harris County, Texas",0.495,0.3987
447.0,30.092506,-95.435327,48201241300,"Census Tract 2413, Harris County, Texas",0.2492,0.3179
448.0,30.093286,-95.414389,48201241300,"Census Tract 2413, Harris County, Texas",0.2492,0.3179
449.0,30.110762,-95.387837,48339692002,"Census Tract 6920.02, Montgomery County, Texas",0.0656,0.0776
450.0,30.093512,-95.414449,48201241300,"Census Tract 2413, Harris County, Texas",0.2492,0.3179
451.0,30.092767,-95.435363,48201241300,"Census Tract 2413, Harris County, Texas",0.2492,0.3179
452.0,30.088014,-95.450695,48201555200,"Census Tract 5552, Harris County, Texas",0.495,0.3987
453.0,30.094548,-95.506743,48201555200,"Census Tract 5552, Harris County, Texas",0.495,0.3987
454.0,30.087104,-95.527087,48201554902,"Census Tract 5549.02, Harris County, Texas",0.0902,0.2022
455.0,30.075401,-95.556885,48201554901,"Census Tract 5549.01, Harris County, Texas",0.3823,0.5635
456.0,30.053969,-95.57898,48201554802,"Census Tract 5548.02, Harris County, Texas",0.2682,0.2676
457.0,30.05194,-95.615233,48201554801,"Census Tract 5548.01, Harris County, Texas",0.6257,0.5337
458.0,30.05243,-95.637498,48201555502,"Census Tract 5555.02, Harris County, Texas",0.335,0.1819
459.0,30.050682,-95.660129,48201555501,"Census Tract 5555.01, Harris County, Texas",0.7322,0.6319
460.0,30.05235,-95.697511,48201555501,"Census Tract 5555.01, Harris County, Texas",0.7322,0.6319
461.0,30.053472,-95.733832,48201555600,"Census Tract 5556, Harris County, Texas",0.4343,0.4345
462.0,30.032093,-95.76422,48201555600,"Census Tract 5556, Harris County, Texas",0.4343,0.4345
463.0,30.002667,-95.76914,48201555702,"Census Tract 5557.02, Harris County, Texas",0.0586,0.0861
464.0,30.087634,-95.412911,48201241300,"Census Tract 2413, Harris County, Texas",0.2492,0.3179
465.0,30.026616,-95.404532,48201240801,"Census Tract 2408.01, Harris County, Texas",0.7848,0.7375
466.0,29.983611,-95.393988,48201240400,"Census Tract 2404, Harris County, Texas",0.707,0.6775
467.0,29.957565,-95.380275,48201240501,"Census Tract 2405.01, Harris County, Texas",0.8601,0.8945
468.0,29.932806,-95.37984,48201222600,"Census Tract 2226, Harris County, Texas",0.8985,0.9303
469.0,29.902199,-95.372977,48201222401,"Census Tract 2224.01, Harris County, Texas",0.8543,0.8501
470.0,29.870723,-95.365111,48201221200,"Census Tract 2212, Harris County, Texas",0.7179,0.7428
471.0,29.846507,-95.359059,48201221300,"Census Tract 2213, Harris County, Texas",0.7413,0.8116
472.0,29.811938,-95.347828,48201220100,"Census Tract 2201, Harris County, Texas",0.9353,0.9333
473.0,29.846576,-95.358647,48201220700,"Census Tract 2207, Harris County, Texas",0.9828,0.964
474.0,29.870712,-95.364657,48201221100,"Census Tract 2211, Harris County, Texas",0.8258,0.7752
475.0,29.902199,-95.372544,48201222300,"Census Tract 2223, Harris County, Texas",0.8731,0.8549
476.0,29.932834,-95.379659,48201222600,"Census Tract 2226, Harris County, Texas",0.8985,0.9303
477.0,29.957551,-95.38011,48201240400,"Census Tract 2404, Harris County, Texas",0.707,0.6775
478.0,29.98363,-95.393813,48201240400,"Census Tract 2404, Harris County, Texas",0.707,0.6775
479.0,30.065785,-95.408069,48201241300,"Census Tract 2413, Harris County, Texas",0.2492,0.3179
480.0,30.087718,-95.412772,48201241400,"Census Tract 2414, Harris County, Texas",0.3673,0.5061
481.0,29.723597,-95.49148,48201421201,"Census Tract 4212.01, Harris County, Texas",0.7496,0.767
482.0,29.721264,-95.520277,48201432500,"Census Tract 4325, Harris County, Texas",0.8154,0.7472
483.0,29.718334,-95.557411,48201432400,"Census Tract 4324, Harris County, Texas",0.6884,0.6493
484.0,29.715474,-95.592308,48201451902,"Census Tract 4519.02, Harris County, Texas",0.1978,0.2026
485.0,29.712802,-95.624026,48201451800,"Census Tract 4518, Harris County, Texas",0.6449,0.7364
486.0,29.709609,-95.660477,48201454100,"Census Tract 4541, Harris County, Texas",0.4078,0.4169
487.0,29.712715,-95.624022,48201451800,"Census Tract 4518, Harris County, Texas",0.6449,0.7364
488.0,29.715396,-95.592289,48201451902,"Census Tract 4519.02, Harris County, Texas",0.1978,0.2026
489.0,29.718234,-95.557395,48201433001,"Census Tract 4330.01, Harris County, Texas",0.939,0.9588
490.0,29.721186,-95.520257,48201432901,"Census Tract 4329.01, Harris County, Texas",0.8337,0.7215
491.0,29.805852,-95.4459,48201530100,"Census Tract 5301, Harris County, Texas",0.8372,0.8173
492.0,29.873496,-95.554465,48201534203,"Census Tract 5342.03, Harris County, Texas",0.8633,0.9061
493.0,29.931794,-95.412051,48201533701,"Census Tract 5337.01, Harris County, Texas",0.8988,0.8345
494.0,29.828658,-95.380953,48201220500,"Census Tract 2205, Harris County, Texas",0.9822,0.9817
495.0,30.021412,-95.428664,48201240801,"Census Tract 2408.01, Harris County, Texas",0.7848,0.7375
496.0,29.742744,-95.358464,48201310200,"Census Tract 3102, Harris County, Texas",0.059,0.0635
497.0,29.982378,-95.276752,48201250600,"Census Tract 2506, Harris County, Texas",0.9321,0.8541
498.0,29.732651,-95.386734,48201410702,"Census Tract 4107.02, Harris County, Texas",0.4886,0.4194
499.0,29.644138,-95.576277,48157671900,"Census Tract 6719, Fort Bend County, Texas",0.1693,0.1345
500.0,29.507701,-95.117218,48167720501,"Census Tract 7205.01, Galveston County, Texas",0.0457,0.1311
501.0,29.785289,-95.706083,48201541800,"Census Tract 5418, Harris County, Texas",0.5416,0.6409
502.0,29.777556,-95.819626,48157673101,"Census Tract 6731.01, Fort Bend County, Texas",0.1437,0.1667
503.0,29.785085,-95.735683,48201454600,"Census Tract 4546, Harris County, Texas",0.2764,0.2293
504.0,29.812742,-95.410424,48201511500,"Census Tract 5115, Harris County, Texas",0.1582,0.1978
505.0,29.841466,-95.49234,48201532300,"Census Tract 5323, Harris County, Texas",0.655,0.6342
506.0,29.644402,-95.651689,48157672702,"Census Tract 6727.02, Fort Bend County, Texas",0.2342,0.4203
,29.875351,-95.756528,48201543001,"Census Tract 5430.01, Harris County, Texas",0.0628,0.0538
507.0,29.616481,-95.192287,48201321100,"Census Tract 3211, Harris County, Texas",0.6321,0.6211
508.0,29.952211,-95.290141,48201250100,"Census Tract 2501, Harris County, Texas",0.6905,0.711
509.0,29.939307,-95.331521,48201241500,"Census Tract 2415, Harris County, Texas",0.9838,0.9366
510.0,29.807378,-95.455918,48201530100,"Census Tract 5301, Harris County, Texas",0.8372,0.8173
511.0,29.780727,-95.454094,48201430100,"Census Tract 4301, Harris County, Texas",0.4065,0.4308
512.0,29.969658,-94.989099,48201252700,"Census Tract 2527, Harris County, Texas",0.7807,0.8373
513.0,29.785227,-95.246079,48201232600,"Census Tract 2326, Harris County, Texas",0.6259,0.5931
514.0,29.841467,-95.492884,48201521700,"Census Tract 5217, Harris County, Texas",0.8818,0.8777
515.0,30.070537,-95.934189,48473680300,"Census Tract 6803, Waller County, Texas",0.8412,0.787
516.0,29.563683,-95.025905,48201341502,"Census Tract 3415.02, Harris County, Texas",0.0923,0.0488
517.0,29.74405,-95.773202,48157673102,"Census Tract 6731.02, Fort Bend County, Texas",0.157,0.2814
518.0,29.660878,-95.558058,48201440100,"Census Tract 4401, Harris County, Texas",0.7569,0.758
519.0,30.108038,-95.435525,48201241400,"Census Tract 2414, Harris County, Texas",0.3673,0.5061
520.0,29.765405,-95.367374,48201510100,"Census Tract 5101, Harris County, Texas",0.289,0.2524
521.0,29.784459,-95.468022,48201430100,"Census Tract 4301, Harris County, Texas",0.4065,0.4308
522.0,29.799887,-95.016716,48201253200,"Census Tract 2532, Harris County, Texas",0.7551,0.6865
523.0,29.773893,-95.367067,48201510100,"Census Tract 5101, Harris County, Texas",0.289,0.2524
524.0,29.615934,-95.19178,48201340100,"Census Tract 3401, Harris County, Texas",0.4936,0.5
525.0,29.661082,-95.557836,48201423100,"Census Tract 4231, Harris County, Texas",0.8527,0.8521
526.0,29.784538,-95.264745,48201232600,"Census Tract 2326, Harris County, Texas",0.6259,0.5931
527.0,29.695658,-95.300339,48201332800,"Census Tract 3328, Harris County, Texas",0.9822,0.9895
528.0,29.698528,-95.45925,48201420900,"Census Tract 4209, Harris County, Texas",0.0334,0.0637
529.0,29.9239,-95.555096,48201551703,"Census Tract 5517.03, Harris County, Texas",0.1474,0.2422
530.0,30.089416,-95.635831,48201555501,"Census Tract 5555.01, Harris County, Texas",0.7322,0.6319
531.0,29.936968,-95.516352,48201551500,"Census Tract 5515, Harris County, Texas",0.6052,0.7364
532.0,29.936964,-95.516315,48201551500,"Census Tract 5515, Harris County, Texas",0.6052,0.7364
533.0,30.034782,-95.255909,48201251100,"Census Tract 2511, Harris County, Texas",0.1878,0.3146
534.0,29.644136,-95.576264,48157671900,"Census Tract 6719, Fort Bend County, Texas",0.1693,0.1345
535.0,29.687892,-95.036183,48201343600,"Census Tract 3436, Harris County, Texas",0.7337,0.7615
536.0,29.790925,-95.057054,48201253300,"Census Tract 2533, Harris County, Texas",0.4841,0.5267
537.0,29.58026,-95.38643,48039660601,"Census Tract 6606.01, Brazoria County, Texas",0.171,0.2895
538.0,29.757913,-95.351728,48201310100,"Census Tract 3101, Harris County, Texas",0.815,0.7743
539.0,29.540976,-95.020209,48167721400,"Census Tract 7214, Galveston County, Texas",0.0362,0.1249
540.0,29.636457,-95.029793,48201343700,"Census Tract 3437, Harris County, Texas",0.8466,0.701
541.0,30.110576,-95.387677,48339692002,"Census Tract 6920.02, Montgomery County, Texas",0.0656,0.0776
542.0,30.065748,-95.408273,48201241300,"Census Tract 2413, Harris County, Texas",0.2492,0.3179
543.0,29.81317,-95.352344,48201220200,"Census Tract 2202, Harris County, Texas",0.6143,0.6441
544.0,30.026642,-95.40431,48201240400,"Census Tract 2404, Harris County, Texas",0.707,0.6775
545.0,29.709702,-95.660479,48201454301,"Census Tract 4543.01, Harris County, Texas",0.6655,0.7182
546.0,29.723448,-95.492554,48201432801,"Census Tract 4328.01, Harris County, Texas",0.8619,0.8655
